{
    "platforms": {
        "game_distribution": {
            "gameId": ""
        },
        "telegram": {
            "adsgramBlockId": ""
        },
        "y8": {
            "gameId": "",
            "adsenseId": "",
            "channelId": ""
        },
        "lagged": {
            "devId": "",
            "publisherId": ""
        },
        "msn": {
            "gameId": ""
        },
        "discord" : {
            "appId": ""
        },
        "gamepush": {
            "projectId": "",
            "publicToken": ""
        }
    },
    "advertisement": {
        "interstitial": {
            "preloadOnStart": true
        },
        "rewarded": {
            "preloadOnStart": true
        },
        "useBuiltInErrorPopup": true,
        "backfillId": ""
    },
    "payments": [],
    "leaderboards": []
}
